gender,name.title,name.first,name.last,location.street.number,location.street.name,location.city,location.state,location.country,location.postcode,location.coordinates.latitude,location.coordinates.longitude,location.timezone.offset,location.timezone.description,email,login.uuid,login.username,login.password,login.salt,login.md5,login.sha1,login.sha256,dob.date,dob.age,registered.date,registered.age,phone,cell,id.name,id.value,picture.large,picture.medium,picture.thumbnail,nat
female,Mrs,Kaylee,Jimenez,1687,Blossom Hill Rd,Oxnard,Texas,United States,93399,14.8108,156.1284,-12:00,"Eniwetok, Kwajalein",kaylee.jimenez@example.com,877020ad-e676-41b9-94a2-afebab1348ab,blackostrich971,muppet,zEAeSLfr,dc593c25a9ae93a58c4e61f310e9305a,61708edc525b5ee9c7c8f9a9bc0e5c0cd2a8c144,8342be29cf19bc4859e1926cf002a25db84d2bf61902847850f20a5cad81c36e,1992-11-03T21:07:28.064Z,29,2014-08-03T20:28:56.718Z,7,(702)-356-7227,(347)-440-7978,SSN,199-56-4728,https://randomuser.me/api/portraits/women/61.jpg,https://randomuser.me/api/portraits/med/women/61.jpg,https://randomuser.me/api/portraits/thumb/women/61.jpg,US
male,Mr,Ramon,Lopez,3066,Victoria Road,Worcester,Worcestershire,United Kingdom,P0 9HT,-42.6554,-105.0072,-5:00,"Eastern Time (US & Canada), Bogota, Lima",ramon.lopez@example.com,b57b670c-ebd2-4ff8-a7b3-e24c834effc4,blackbird119,lololo,poX2GKkQ,4bff21b5cae64f84a278ad894bc6f43e,e9f4752d72e4d22b366333784c9536c752b7efdc,94e69a7fa1c3f978c6f49f53fd15381e2181c4e73b2eedfd9f0d089da62b4297,1961-05-16T19:52:41.132Z,60,2002-05-21T11:28:49.214Z,19,017687 41230,0779-029-073,NINO,OC 64 32 08 Z,https://randomuser.me/api/portraits/men/17.jpg,https://randomuser.me/api/portraits/med/men/17.jpg,https://randomuser.me/api/portraits/thumb/men/17.jpg,GB
female,Mrs,Emily,Howard,7111,Park Lane,Sunderland,Staffordshire,United Kingdom,C3 6XZ,-49.1681,105.9578,-7:00,Mountain Time (US & Canada),emily.howard@example.com,d892b821-0402-422a-9a06-303d7a2eb506,bluesnake951,presley,nbRFYeCg,cb6050a07a02c50b57140f4abf447ad4,8b861eca5831cb94e18963a9d0922aaef518243f,1e1e2bf4e2440fec54f359010be97ac1d6d490e84825072f81d0aba9ae1cf0c4,1949-12-06T11:57:29.596Z,72,2006-04-01T04:11:37.459Z,15,016973 49260,0774-988-163,NINO,MW 80 59 12 D,https://randomuser.me/api/portraits/women/40.jpg,https://randomuser.me/api/portraits/med/women/40.jpg,https://randomuser.me/api/portraits/thumb/women/40.jpg,GB
male,Mr,Adolfo,Bravo,5727,Paseo de Extremadura,Vitoria,Asturias,Spain,64422,2.4155,48.5800,-3:00,"Brazil, Buenos Aires, Georgetown",adolfo.bravo@example.com,9edd4f2a-6b58-48e2-9944-9fab7c1c4ca8,redgoose511,mulder,AFlvmVTX,9fc981f8e67c3f59b81e9e1a0b95ae9c,fd8b1898f53b202b757e634d917429e437c5ef82,ca41818fd39c0818dba7d89ffe9caf4bed50a09e536e4085bee4f422cda420a6,1976-02-16T17:35:27.599Z,45,2014-02-26T12:14:30.140Z,7,937-446-050,670-133-302,DNI,62510617-I,https://randomuser.me/api/portraits/men/39.jpg,https://randomuser.me/api/portraits/med/men/39.jpg,https://randomuser.me/api/portraits/thumb/men/39.jpg,ES
female,Miss,Wendy,Gordon,6891,Plum St,Red Oak,California,United States,36021,67.5129,92.8511,-12:00,"Eniwetok, Kwajalein",wendy.gordon@example.com,d0bec555-350d-499f-8d9f-2b9312711059,smallzebra281,raiders,3WK1QeN4,25c42e62e31c793ae5f19e2e1871adc5,cea80ca2be2558d9199ad3d00f3855a5fb178060,6207233e2c4c0307c97ff32cf1e9194199b9b727e05d46a789cdae7cacaeb315,1989-05-27T01:15:45.049Z,32,2006-05-16T10:57:47.343Z,15,(949)-858-9991,(189)-679-6836,SSN,939-17-9708,https://randomuser.me/api/portraits/women/62.jpg,https://randomuser.me/api/portraits/med/women/62.jpg,https://randomuser.me/api/portraits/thumb/women/62.jpg,US
male,Mr,Jimmy,King,9626,Karen Dr,Austin,Missouri,United States,62576,-2.7682,15.5290,+7:00,"Bangkok, Hanoi, Jakarta",jimmy.king@example.com,22a62450-e002-4804-9fd1-a60dcf04f0b6,angryfrog558,song,rKeoAFv1,04b24f8918a4229ed4ad1e7a790f6baf,729d958563fd693c9ff2c613f19aa0b3c83204f8,15e5bab201dbdec4011722b9653f9bdfaddd98d6e338d5abe7cb2833b52e7aa3,1956-11-03T10:07:12.586Z,65,2019-01-18T09:16:52.209Z,2,(284)-470-8456,(106)-367-1445,SSN,284-13-8807,https://randomuser.me/api/portraits/men/20.jpg,https://randomuser.me/api/portraits/med/men/20.jpg,https://randomuser.me/api/portraits/thumb/men/20.jpg,US
female,Ms,Renee,Reynolds,832,Fairview St,Ventura,Michigan,United States,68680,20.4076,-152.4498,-4:00,"Atlantic Time (Canada), Caracas, La Paz",renee.reynolds@example.com,f5b710a4-efe0-42cf-811e-94d0a577a3b2,beautifulbear532,getmoney,jnWnnYpj,df5b37cbe2f42204ef1ce85052abcde1,589416b1c43370ff1f715cd8c63c665faeab9936,b4471ad3076262ba9666b10d1426e605c17ac893f2590402b7170a0c5dd59a19,1952-05-14T20:22:12.188Z,69,2007-06-10T21:25:15.284Z,14,(275)-720-6033,(153)-182-8529,SSN,533-16-8940,https://randomuser.me/api/portraits/women/57.jpg,https://randomuser.me/api/portraits/med/women/57.jpg,https://randomuser.me/api/portraits/thumb/women/57.jpg,US
male,Mr,Manuel,Moreno,4316,Calle Nebrija,Gandía,Comunidad Valenciana,Spain,28842,-62.6681,9.9196,+3:00,"Baghdad, Riyadh, Moscow, St. Petersburg",manuel.moreno@example.com,7b081975-31ef-40e5-a62b-9dd830b8d171,greenswan302,boston,3d71jo2U,fe60ff7762e1e62bf6eebc51c0af4282,7350a938bd3bb292756704c5ce280541c2241b79,c1be04f59a0b093671a511223d9995267fe088028e3157b53527bc73b5382a70,1984-12-15T01:21:47.146Z,37,2016-05-11T00:59:50.823Z,5,992-069-902,618-945-011,DNI,02230956-E,https://randomuser.me/api/portraits/men/87.jpg,https://randomuser.me/api/portraits/med/men/87.jpg,https://randomuser.me/api/portraits/thumb/men/87.jpg,ES
male,Mr,Allen,Horton,4726,New Street,Southampton,Wiltshire,United Kingdom,US23 0JN,38.7606,-116.6541,+8:00,"Beijing, Perth, Singapore, Hong Kong",allen.horton@example.com,df1360b0-3fae-4ab8-81f0-e8c4647f54d9,tinygoose573,filter,oWKdAuRM,21a9a1509812c82a59eedf15c547af6f,0fd00519fd9a1a9c0f85d0983fe4319259b3fd98,83ef3e5f451dba75c55de78af57db11afd896e3be72ce6f6ac14c68ef3db742d,1955-06-07T20:36:28.606Z,66,2008-09-18T11:23:45.738Z,13,015394 59564,0794-555-991,NINO,NX 57 36 41 C,https://randomuser.me/api/portraits/men/94.jpg,https://randomuser.me/api/portraits/med/men/94.jpg,https://randomuser.me/api/portraits/thumb/men/94.jpg,GB
female,Ms,Margie,Armstrong,2687,Thornridge Cir,Belen,Massachusetts,United States,24957,56.9413,-160.9553,-8:00,Pacific Time (US & Canada),margie.armstrong@example.com,09e94bee-6d04-4b99-bcba-02cc0083c77a,orangezebra418,cobain,XBxumbct,a5de214cfb1b683f36305a80e94a1691,7f81b573907d5ba8f9968d29edf28fb314fe0d01,adb67d950caaac5cfbc9da5fbbdcf16338a3b90f4b65e1e6bd8e3308a396b7a5,1986-01-26T15:12:23.615Z,35,2011-11-24T13:45:48.937Z,10,(459)-099-7495,(254)-218-1300,SSN,257-90-3131,https://randomuser.me/api/portraits/women/68.jpg,https://randomuser.me/api/portraits/med/women/68.jpg,https://randomuser.me/api/portraits/thumb/women/68.jpg,US
female,Mrs,Letitia,Kim,4408,E Pecan St,Cedar Rapids,Oklahoma,United States,81992,10.6960,31.5050,+3:00,"Baghdad, Riyadh, Moscow, St. Petersburg",letitia.kim@example.com,7f3a0754-fe94-446c-a9af-7ae839e275f9,goldencat701,gangsta,7nuTEg01,9c0c310d4500b70e8bb9c43169561652,15fc30f0f3ceb7236d4c1a461a5914338fd63bf6,cdfad849d5730f60b844969bfad5bc25c9c73bd7a451a6a0e77c4cd06da6643a,1958-01-02T23:08:51.117Z,63,2002-09-30T23:35:20.143Z,19,(833)-042-0635,(457)-711-2232,SSN,647-41-4370,https://randomuser.me/api/portraits/women/4.jpg,https://randomuser.me/api/portraits/med/women/4.jpg,https://randomuser.me/api/portraits/thumb/women/4.jpg,US
male,Mr,Danny,Bennett,2781,Broadway,Armagh,Lancashire,United Kingdom,MC56 7TU,-72.1627,-17.4736,+7:00,"Bangkok, Hanoi, Jakarta",danny.bennett@example.com,1aa0e0ec-e3b3-48a7-8b6e-dd1a516adf6f,tinyostrich218,landon,F76TW9Mm,59428cb1823dfc1923012c3b34bbc1ce,23aca41a6f041d20d603f433b87c7b4cb018eee5,f149fac9c9eaedb20146139f9d9e2bdc8328e581dbd0683cc2fe01e54c63d11f,1996-07-16T19:15:44.509Z,25,2010-07-25T13:38:15.273Z,11,023 8130 8596,0743-535-750,NINO,KC 04 79 00 V,https://randomuser.me/api/portraits/men/83.jpg,https://randomuser.me/api/portraits/med/men/83.jpg,https://randomuser.me/api/portraits/thumb/men/83.jpg,GB
female,Ms,Andrea,Castillo,1103,Calle de Alberto Aguilera,Valencia,Ceuta,Spain,87904,-81.3924,-149.7300,-5:00,"Eastern Time (US & Canada), Bogota, Lima",andrea.castillo@example.com,f5de9847-24b0-4ae7-88cc-f76e5d8a217d,yellowzebra613,pencil,reDFLIl3,462448b206437ee3a452048eacf02ac3,1669bf52eb53b568667b9b89550d698a92122556,92519785c38186c5917b74c1de5a80398edb901bf90d0d3e9509e27ddbbe0af5,1958-08-21T09:10:28.429Z,63,2008-01-07T20:06:56.677Z,13,921-873-442,640-994-569,DNI,04763341-A,https://randomuser.me/api/portraits/women/28.jpg,https://randomuser.me/api/portraits/med/women/28.jpg,https://randomuser.me/api/portraits/thumb/women/28.jpg,ES
male,Mr,Clifford,Castillo,9686,George Street,Lincoln,Greater Manchester,United Kingdom,Z18 3DS,55.6353,-168.5993,-7:00,Mountain Time (US & Canada),clifford.castillo@example.com,9e231c10-059e-4f19-a825-3cbc9a579a65,whitecat951,goblin,Pj5bYu6x,263aa74654072df53fdaefb96b712e1e,7c5688bbc185610e4db11bcb44fd87f80cb308d3,1ab62183157b1bd7fee42daca663ceaf8dbcab77a7e3b8f6606f7e2ae36c4b99,1971-10-27T21:10:15.715Z,50,2003-05-21T01:23:26.659Z,18,025 1749 4434,0790-756-607,NINO,XP 43 21 75 P,https://randomuser.me/api/portraits/men/35.jpg,https://randomuser.me/api/portraits/med/men/35.jpg,https://randomuser.me/api/portraits/thumb/men/35.jpg,GB
female,Miss,Dianne,Davis,8412,Pockrus Page Rd,Richmond,New Mexico,United States,53615,51.0404,-12.9054,-3:30,Newfoundland,dianne.davis@example.com,79190b02-5650-4494-820a-3c59ff510b9b,silverkoala913,a1b2c3,jDjUSUyA,0423abc9369da15e8c1cf4dcdc91e4ce,3b947ad45a31ceeeee3b7b56b41b398bd4ad68ef,5fcdf3d6ede317e979892092912f29c80673dd5d8ab19343878fc0db053c1ab4,1964-08-22T20:49:42.528Z,57,2010-01-07T17:56:57.005Z,11,(113)-225-1030,(702)-639-1429,SSN,877-90-2701,https://randomuser.me/api/portraits/women/31.jpg,https://randomuser.me/api/portraits/med/women/31.jpg,https://randomuser.me/api/portraits/thumb/women/31.jpg,US
male,Mr,Marvin,Weaver,7925,Woodland St,Los Lunas,Kentucky,United States,84210,-72.5159,-75.9146,+11:00,"Magadan, Solomon Islands, New Caledonia",marvin.weaver@example.com,ec9da1ae-bcf3-4d3a-a7fd-8cefe22dfabf,organicdog330,smeller,WYJSzIUs,38581e46b1b40fb89f7ef047c8ede727,09d91cd6f683b4d7b10491d30fa863c17a7e9616,fdf6f1f0315564ae0ee0d7e32f9787e2f798eaa433f8a245e9069e84000b7aa4,1989-10-26T07:35:55.124Z,32,2008-11-17T12:00:03.446Z,13,(364)-678-8343,(082)-952-5258,SSN,833-50-5108,https://randomuser.me/api/portraits/men/81.jpg,https://randomuser.me/api/portraits/med/men/81.jpg,https://randomuser.me/api/portraits/thumb/men/81.jpg,US
male,Mr,Richard,Walker,137,The Avenue,Bath,Avon,United Kingdom,EC98 8UB,20.9440,116.9117,-3:30,Newfoundland,richard.walker@example.com,5ae4f2cf-c0e5-4487-9f61-794913685dd0,goldendog996,games,OjGunSxu,59e9ef80a6067e7c4683b0d489beec59,6f520afc7497175bf3cd55c2902efa62b816024d,95bf0098195b1fcfa215bd57bb15522d2d25ff01790b7d3df181e15a2f020a2e,1959-03-26T02:34:43.742Z,62,2003-08-12T00:45:56.735Z,18,017683 94776,0729-280-746,NINO,WA 76 18 76 H,https://randomuser.me/api/portraits/men/24.jpg,https://randomuser.me/api/portraits/med/men/24.jpg,https://randomuser.me/api/portraits/thumb/men/24.jpg,GB
female,Ms,Celia,Gimenez,1044,Avenida de América,Valencia,Islas Baleares,Spain,61287,-30.8072,3.3637,+3:00,"Baghdad, Riyadh, Moscow, St. Petersburg",celia.gimenez@example.com,3f34d76b-0d69-4a10-95ab-27794d724dd1,bluezebra904,secret1,mi1T151D,99371d87329a4962eb1657029b812a0f,50acd8d66f5b1fb0d71d442b537891219e582356,d1b8668f66b6ccf1f6014ed7e895062f2fa80db2e8a6df89366bcb8e94be4ba4,1996-12-07T07:47:14.778Z,25,2014-09-17T11:20:11.942Z,7,905-378-077,601-708-389,DNI,50245707-Z,https://randomuser.me/api/portraits/women/78.jpg,https://randomuser.me/api/portraits/med/women/78.jpg,https://randomuser.me/api/portraits/thumb/women/78.jpg,ES
male,Mr,Greg,Watts,103,W Dallas St,Davenport,Pennsylvania,United States,15452,52.2410,4.0623,+8:00,"Beijing, Perth, Singapore, Hong Kong",greg.watts@example.com,acbb414e-6a23-4c33-9326-1072494c9b31,blueostrich164,orchid,Tr1rbIEI,38716b29bb1f0a6b93a21a79195d8bc5,496e7257f44c18696349a2884b2ec7d07faa236c,005f28d89d909eeeebedc0c12c913852c59b7c47a5726481e41e4cd827c2b5c6,1963-04-14T00:23:44.748Z,58,2014-12-20T11:13:33.135Z,7,(317)-608-4305,(129)-712-6493,SSN,636-29-8877,https://randomuser.me/api/portraits/men/91.jpg,https://randomuser.me/api/portraits/med/men/91.jpg,https://randomuser.me/api/portraits/thumb/men/91.jpg,US
female,Miss,Remedios,Esteban,4067,Calle de Arganzuela,Málaga,Canarias,Spain,77783,32.4194,-150.3916,-1:00,"Azores, Cape Verde Islands",remedios.esteban@example.com,542862e4-d83e-4854-badf-61c7b986e493,greenelephant402,spanky,PHUsl7Qu,9cdbdd983ee07adf61632a10cc330087,7fc1a94de1e739f9a4107240675c2942e08439c5,6bdd2a6a929fbada805b169e9f8f64ee180579093ed43656bf13d08deff842be,1988-09-15T09:00:06.187Z,33,2002-03-23T14:44:34.207Z,19,972-907-216,686-886-083,DNI,87393178-H,https://randomuser.me/api/portraits/women/58.jpg,https://randomuser.me/api/portraits/med/women/58.jpg,https://randomuser.me/api/portraits/thumb/women/58.jpg,ES
male,Mr,Valentin,Muñoz,9095,Avenida del Planetario,Gijón,Región de Murcia,Spain,98820,68.5422,-162.2452,-12:00,"Eniwetok, Kwajalein",valentin.munoz@example.com,fd23dc26-e3bc-4df4-8afe-132df6902213,smallpanda401,dealer,OipXircC,03bc7dd28a64a560cea3d8c0493163d2,e7b1e3540f336a62783bf8d4d71d3936067e9e86,fcc32f62e6d26f03b782f2ad97dcb4059795c5400c05e1c892900822d689004a,1968-10-03T09:25:45.927Z,53,2019-09-15T22:29:45.457Z,2,930-043-498,612-744-338,DNI,65039223-V,https://randomuser.me/api/portraits/men/24.jpg,https://randomuser.me/api/portraits/med/men/24.jpg,https://randomuser.me/api/portraits/thumb/men/24.jpg,ES
female,Ms,Lucia,Aguilar,7863,Calle del Arenal,Granada,Aragón,Spain,37516,-48.6665,-39.7731,-11:00,"Midway Island, Samoa",lucia.aguilar@example.com,1f992510-6d77-4cfd-bc90-65b95e5835ff,silversnake757,rachelle,iPbILp9y,e6754749bf0e53506237561f28b1a3f8,6a3dc22ce003e5b7d5ad7c7d1d57cde49f56d86e,a075227502574481b579c6860d40f6a2f811ec95d94ef9d30c31fa662870b37d,1981-03-08T01:22:00.568Z,40,2008-04-02T15:02:28.305Z,13,931-347-510,697-425-209,DNI,45863973-C,https://randomuser.me/api/portraits/women/72.jpg,https://randomuser.me/api/portraits/med/women/72.jpg,https://randomuser.me/api/portraits/thumb/women/72.jpg,ES
male,Mr,Frederick,Wilson,297,Mockingbird Ln,Sterling Heights,Mississippi,United States,72493,55.7669,6.8588,+10:00,"Eastern Australia, Guam, Vladivostok",frederick.wilson@example.com,6e677483-8426-4ab9-96f2-51d6765246f4,organicmouse387,thursday,62ItX9wG,0ac25688075a55274ec96bee19090d96,70277f83ad94ebacb92e222d7b9f8b403626aa6e,ea1fcb491b12b58783719c7cc6ba069e57bb050773f0f0f91d19fcb665907ad8,1998-04-05T12:16:42.407Z,23,2006-12-31T19:13:04.895Z,15,(731)-793-9508,(099)-290-8849,SSN,727-77-2446,https://randomuser.me/api/portraits/men/50.jpg,https://randomuser.me/api/portraits/med/men/50.jpg,https://randomuser.me/api/portraits/thumb/men/50.jpg,US
male,Mr,Julio,Sanz,4578,Avenida de Castilla,Madrid,Asturias,Spain,41623,-6.0560,-130.4676,-2:00,Mid-Atlantic,julio.sanz@example.com,8792c4c6-069f-4897-a171-4dcb2acfdc69,heavyelephant898,peugeot,9yp2q8i3,a7bb26cf85a76487012e2b2fb8d53061,a8a24e307245d57e70ab262eaa25b28c2e014f6a,9f222a7e5c23cf1ac1b597ad0905d8993aa399dd353c2b7fde1fcb48b8964906,1964-07-08T21:33:36.756Z,57,2015-09-17T13:38:35.621Z,6,925-556-699,603-883-943,DNI,91658305-W,https://randomuser.me/api/portraits/men/61.jpg,https://randomuser.me/api/portraits/med/men/61.jpg,https://randomuser.me/api/portraits/thumb/men/61.jpg,ES
male,Mr,Edward,Warren,6802,The Drive,Ripon,Derbyshire,United Kingdom,A7M 2XZ,-11.2996,-148.8303,-10:00,Hawaii,edward.warren@example.com,acf776bf-efd8-4dfa-a192-ce306a2fe097,purpleostrich477,stick,rdV3tpH1,c0941054cbd6992512344344ced4b64b,b6498d09b70c654bbb9e5fe2e264494e97d89191,072bc90358e6dde61765cc44b63b9c238225685aca0ffad88b7b316180087928,1947-05-29T15:35:32.057Z,74,2007-09-05T13:38:00.761Z,14,016977 60991,0755-046-740,NINO,KE 17 81 59 N,https://randomuser.me/api/portraits/men/54.jpg,https://randomuser.me/api/portraits/med/men/54.jpg,https://randomuser.me/api/portraits/thumb/men/54.jpg,GB